command_ev_samplingTime_diff,Matching_accuracy
0,0.7866666666666666
1,0.9933333333333333
2,0.9866666666666667
3,0.8833333333333333
4,0.7966666666666666
5,0.7866666666666666
6,0.9933333333333333
7,0.9866666666666667
8,0.8833333333333333
9,0.7466666666666667
10,0.7866666666666666
11,0.9933333333333333
12,0.9866666666666667
13,0.8833333333333333
14,0.7466666666666667
15,0.7866666666666666
16,0.9933333333333333
17,0.9866666666666667
18,0.8833333333333333
19,0.7466666666666667
20,0.7866666666666666
21,0.9933333333333333
22,0.9866666666666667
23,0.8833333333333333
24,0.7466666666666667
25,0.7866666666666666
26,0.9933333333333333
27,0.9866666666666667
28,0.8833333333333333
29,0.7466666666666667
